;Themes,Title,type,Summary,Link
Blue Economy,2018 state of fisheries and aquaculture,Website,The State of World Fisheries and Aquaculture 2018 presents FAO’s official world fishery and aquaculture statistics.,http://www.fao.org/state-of-fisheries-aquaculture
Blue Economy,A Brief Introduction and Applications of Blue Biotechnology,Website,A brief introduction and applications of blue biotechnology\ the application of molecular biological methods to marine and freshwater organisms.,https://explorebiotech.com/blue-biotechnology-introduction-and-applications/
Blue Economy,An overview of marine renewable energy,Briefing,For countries and territories that have extensive maritime areas\ renewable marine energy can make a significant contribution to low-carbon electricity production in the energy mix. This briefing provides an overview of the sector,http://parisinnovationreview.com/articles-en/an-overview-of-renewable-marine-energy
Blue Economy,Aquaculture & Sustainability,Video,Fish and shellfish farming are facing a new era of expansion in Europe. What are the environmental implications of this\ and how can the sector expand sustainably? Watch the video produced by Science for Environment Policy about how aquaculture could develop in greater harmony with environmental goals. ,https://www.youtube.com/watch?v=40ABPqP6Rc8
Blue Economy,Best management practices for marine cage culture operations in the U.S. Caribbean,Report,This document sets out guidelines for stakeholders committed to sustainable marine aquaculture which safeguards the ocean,https://repository.library.noaa.gov/view/noaa/11370
Blue Economy,Blue Biotechnology,Briefing,This fourth volume in the Commonwealth Blue Economy series aims to support the development of the blue economy by providing a high level assessment of the opportunities available for economic diversification through the development of a blue biotechnology sector in SIDS and by examining relevant examples from around the world. ,http://thecommonwealth.org/sites/default/files/inline/Blue%2BBiotechnology_UPDF.pdf
Blue Economy,Blue Economy Concept Paper,Briefing,Briefing paper from the UN setting out the concept of the Blue Economy,https://sustainabledevelopment.un.org/content/documents/2978BEconcept.pdf
Blue Economy,Blue Economy Development Framework,Report,Report from the World Bank setting out a framework for the development of a Blue Economy,http://pubdocs.worldbank.org/en/446441473349079068/AMCOECC-Blue-Economy-Development-Framework.pdf
Blue Economy,Blue Economy frontrunners,Video,Priority industries to support the development of a Blue Economy in the OECS,https://www.youtube.com/watch?v=VMw0EjfpGGs
Blue Economy,Caribbean Fishery Council Delivers Big Win for Corals\ Fish\ and People,News,At its spring meeting\ the Caribbean Fishery Management Council\ which sets policy for fishing in U.S. Caribbean waters\ approved island-based fishery management plans that will guide managers in setting rules for Puerto Rico and the U.S. Virgin Islands that are tailored to the biodiversity\ culture\ and other characteristics of each location,https://www.pewtrusts.org/en/research-and-analysis/articles/2019/04/23/caribbean-fishery-council-delivers-big-win-for-corals-fish-and-people
Blue Economy,Coastal aquaculture planning portal,Website,The Coastal Aquaculture Planning Portal (CAPP) is a toolbox of coastal planning tools designed to assist managers\ planners\ and industry with sustainable aquaculture development. ,https://coastalscience.noaa.gov/research/marine-spatial-ecology/coastal-aquaculture-planning-portal-capp/
Blue Economy,Coastal Zone Management in Grenada\ Carriacou and Petite Martinique,Report,A brief from the Integrated Climate Change Adaptation Strategies (ICCAS) Programme on Coastal Zone Management in Grenada\ Carriacou and Petite Martinique,https://www.giz.de/en/downloads/ICCAS-FS-en-2018-%20costal%20zone%20management.pdf
Blue Economy,Commonwealth Marine Economies Programme Dominica Country Review,Briefing,A country review for Dominica that highlights opportunities where the UK can apply and leverage its world-leading expertise to make significant\ cost-effective and lasting positive impacts in relation to the marine economy.,https://assets.publishing.service.gov.uk/government/uploads/system/uploads/attachment_data/file/806089/Commonwealth_Marine_Economies_Programme_-_Dominica_Country_review.pdf
Blue Economy,Commonwealth Marine Economies Programme Grenada Country Review,Briefing,A country review for Grenada that highlights opportunities where the UK can apply and leverage its world-leading expertise to make significant\ cost-effective and lasting positive impacts in relation to the marine economy.,https://assets.publishing.service.gov.uk/government/uploads/system/uploads/attachment_data/file/769184/Commonwealth_Marine_Economies_Programme_-_Grenada_Country_review.pdf
Blue Economy,Commonwealth Marine Economies Programme St Vincent and the Grenadines Country Review,Briefing,A country review for St Vincent and the Grenadines that highlights opportunities where the UK can apply and leverage its world-leading expertise to make significant\ cost-effective and lasting positive impacts in relation to the marine economy.,https://assets.publishing.service.gov.uk/government/uploads/system/uploads/attachment_data/file/769188/Commonwealth_Marine_Economies_Programme_-_Saint_Vincent_and_the_Grenadines_Country_review.pdf
Blue Economy,Deep sea mining briefing,Briefing,A brief on deep sea mining covering what is the issue; why is it important; and what can be done?,https://www.iucn.org/resources/issues-briefs/deep-sea-mining
Blue Economy,Deep sea mining could transform the globe,Video,An overview of the opportunities and potential threats posed by the deep sea mining industry,https://www.youtube.com/watch?v=IYKaKeJv2dQ
Blue Economy,Deep sea mining: new depths,Briefing,In 2019\ the world’s first commercial deep-sea mine is due to open. But are regulations in place to protect the sea floor?,https://www.sciencefocus.com/planet-earth/deep-sea-mining-new-depths/
Blue Economy,Deep sea wonders of the Caribbean - an ocean of opportunity,Video,Deep Sea Wonders of the Caribbean is a five-part video series that promotes awareness of the Caribbean’s deep oceans. This episode looks at careers within the deep ocean.,https://www.youtube.com/watch?v=-0co7b-xoZ0&list=PL-ZrlrJ47zXBPvmCe1XvlSawrSc7j2r1p&index=6&t=0s
Blue Economy,Ecological aspects of deep sea mining,Briefing,The MiningImpact project gathers 32 partners from 10 different countries and conducts an independent scientific monitoring of the impact of an industrial test to harvest manganese nodules in the Clarion Clipperton Zone. ,http://jpi-oceans.eu/ecological-aspects-deep-sea-mining
Blue Economy,EU Blue Economy Report 2019,Report,This report published by the European Commission describes the scope and size of the EU blue economy. It provides an overview of the most recent trends in several socioeconomic indicators and analyses the drivers behind such trends. The aim is to support policymakers and stakeholders in the quest for a sustainable development of oceans\ sea and coastal resources.,http://periscope-network.eu/analyst/eu-blue-economy-report-2019
Blue Economy,FAO Policy Series: Blue Growth Initiative,Video,Pollution\ illegal fishing\ over-exploitation and climate change have become major threats to aquatic eco-systems. We need to change how the planet's marine and freshwater resources are managed. The FAO explain how the Blue Growth Initiative contributes to balancing food security\ economic growth\ social development and the sustainable use of aquatic living resources. ,https://youtu.be/YkLRtJD7Y0k?list=PLzp5NgJ2-dK6rvL0neIyknuTmM-3QKwBh
Blue Economy,Financing the Blue Economy: A Caribbean Development Opportunity,Report,This report examines the potential of the blue economy to drive sustained and inclusive economic growth. It also explores factors that can constrain the Caribbean’s ability to take full advantage of the ocean’s potential.,https://issuu.com/caribank/docs/financing_the_blue_economy-_a_carib/27
Blue Economy,Fisheries governance fact sheets,Briefing,Fact sheets from the FAO on each of the Regional Fisheries Bodies setting out their objectives; area of competence; species and stocks coverage; and members,http://www.fao.org/fishery/rfb/search/en
Blue Economy,Fishing equipment fact sheets,Briefing,Fact sheets from the FAO on typical fishing equipment,http://www.fao.org/fishery/equipment/search/en
Blue Economy,Fishing gear fact sheets,Briefing,Fact sheets from the FAO on typical fishing gear,http://www.fao.org/fishery/geartype/search/en
Blue Economy,Fishing technique fact sheets,Briefing,Fact sheets from the FAO on typical fishing techniques,http://www.fao.org/fishery/fishtech/search/en
Blue Economy,Fishing vessel fact sheets,Briefing,Fact sheets from the FAO on typical fishing vessels,http://www.fao.org/fishery/vesseltype/search/en
Blue Economy,Fishing vessel monitoring systems,Briefing,Fact sheets from the FAO on typical fishing vessel monitoring systems,http://www.fao.org/fishery/vms/search/en
Blue Economy,Guidance on spatial technologies for disaster risk management in aquaculture,report,This guide describes the application of spatial technology to improve disaster risk management (DRM) within the aquaculture sector.,http://www.fao.org/3/CA2240EN/ca2240en.pdf
Blue Economy,How offshore wind farms work,Video,Offshore windfarms are the future of energy. Ever wondered how they work?,https://www.youtube.com/watch?v=xbuLc_nWfog
Blue Economy,How to build the worlds largest offshore wind farm,Video,Britain's east coast will soon house the world's largest offshore wind farm in a major step forward for renewable energy generation.,https://edition.cnn.com/videos/business/2019/09/24/worlds-largest-offshore-wind-farm-lon-orig.cnn
Blue Economy,Integrated Coastal Zone Management Policy for Grenada\ Carriacou and Petite Martinique,,The ICZM Policy presented here is an effort towards furnishing Grenada with the necessary guidelines\ principles\ and tools to effectively manage the activities in its coastal zone whilst providing an environment through which the understanding and appreciation of the importance of coastal resources is strengthened. ,https://www.gov.gd/egov/docs/other/grenada-integated-coastal-zone-management-policy.pdf
Blue Economy,JPI Oceans: Ecological Aspects of Deep-Sea Mining,Video,In 1989 German ocean researchers started a unique long-term experiment off the coast of Peru. To explore the effects of potential deep sea mining on the seabed\ they plowed in about eleven square kilometer area around the seabed\ this video shows the results of that experiment.,https://www.youtube.com/watch?v=F88pftRhzfI
Blue Economy,Marine biotechnology,learning resource,Pocket guide to marine biotechnology,https://www.isaaa.org/resources/publications/pocketk/foldable/Pocket%20K52%20(English).pdf
Blue Economy,Marine biotechnology,Video,Biotechnology researchers are currently exploring the secrets of marine life in hopes of learning more about the genetics of viruses\ how to utilize chemicals unique to marine species to help fight cancer\ and even replicate the bacteria found naturally in marine environments to help break down metal pollutants,https://www.youtube.com/watch?v=KTy_0dzLiu8
Blue Economy,Marine Biotechnology: A New Vision and Strategy for Europe,paper,This report was initiated by the European Marine Board to provide an updated view of Marine Biotechnology to policy makers at EU and national levels and to EU and national scientific and administrative officers involved in research in marine sciences and their interacting fields in health\ food\ environment and energy. ,http://www.marinebiotech.eu/sites/marinebiotech.eu/files/public/library/MBT%20publications/2010%20ESF%20Position%20Paper.pdf
Blue Economy,Marine Fisheries,Briefing,Global ocean data and trends for informed action and decision-making on marine fisheries,https://oursharedseas.com/2019-update/fisheries/
Blue Economy,Marine Renewable Energy,Briefing,This fourth volume in the Commonwealth Blue Economy series aims to support the development of the blue economy by providing a high level assessment of the opportunities available review of actions needed to progress marine renewable energy generation in SIDS. ,https://thecommonwealth.org/sites/default/files/inline/Marine%2BRenewable%2BEnergy_UPDF.pdf
Blue Economy,Marine renewable Energy,Video,An animation focusing on the challenges linked to the use of marine renewable energies.,https://www.youtube.com/watch?v=e644Qbzflko
Blue Economy,Marine Renewable Energy Powering the Blue Economy,Video,Marine renewable energy – energy from waves\ currents\ and tides – has the potential to provide a locally sourced\ emissions free\ reliable form of power where electricity could otherwise not be generated. This video provides an overview of the work being done to advance cutting edge technology in this sector,https://www.youtube.com/watch?v=F3J3Yl7l8do
Blue Economy,Microbiome Research Will Accelerate The Blue Biotechnology Industry,news,Humans have relied on the ocean for millennia as a source of food and materials for tools. Now\ we rely on the ocean as a source of genes that we can harness to increase food stocks and use as medicine for cancer and other diseases.,https://www.forbes.com/sites/linhanhcat/2019/02/23/microbiome-research-blue-biotechnology/#312aa346403c
Blue Economy,Monaco Blue Initiative 2018 Towards Blue Economy  ,Video,With a focus on the North Sea and Arctic regions\ this panel examined the challenges of ensuring Blue Growth was conducted responsibly\ and explored the tools in place or in development to assist with this process.,https://www.youtube.com/watch?v=DQHAa6eJqRM
Blue Economy,Ocean Economy in 2030,Report,This report explores the growth prospects for the ocean economy\ its capacity for future employment creation and innovation\ and its role in addressing global challenges. Special attention is devoted to the emerging ocean-based industries in light of their high growth and innovation potential\ and contribution to addressing challenges such as energy security\ environment\ climate change and food security.,http://www.oecd.org/environment/the-ocean-economy-in-2030-9789264251724-en.htm
Blue Economy,OECS Caribbean Regional Oceanscape Project,Video,What is C.R.O.P. ? The initiatives of the project\ the time frame of the C.R.O.P and the countries that will be affected the C.R.O.P.,https://www.youtube.com/watch?v=0IwzHVKd_7A
Blue Economy,Offshore Energy,Video,Secure energy is an essential building block for social development. But sustainable development needs sustainable energy sources. Developing exciting renewable energy technologies is therefore a key part of Europe’s plan to build a healthy future,https://www.youtube.com/watch?v=f40PhfU_ZXU&feature=youtu.be
Blue Economy,Principles for a sustainable Blue Economy,Briefing,WWF releases a brief on ‘Principles for a Sustainable Blue Economy’ to clarify the increasingly popular concept—and to emphasize that it’s not about simply exploiting our oceans,http://wwf.panda.org/homepage.cfm?249111/
Blue Economy,Reef Fisheries,Teaching resource,The Coral Reef Fisheries Module covers key topics including coral reef fisheries stock assessment methods\ tools for managing fisheries\ and surveillance and enforcement systems.,http://reefresilience.org/coral-reef-fisheries-module/
Blue Economy,Sand and Sustainability: Finding new solutions for environmental governance of global sand resources,Report,This report looks at potential solutions for mitigating mineral sands and aggregates extraction impacts and generating adequate support for responsible consumption pathways.,https://unepgrid.ch/sand/Sand_and_sustainability_UNEP_2019.pdf
Blue Economy,Study on the potential of fish farming in the Caribbean,Report,This study covers the signficance of fish farming in the Caribbean and looks to address key issues around the sustainability of the sector for the future,https://brusselsbriefings.files.wordpress.com/2013/07/study-on-the-potential-of-aquaculture-in-the-caribbean.pdf
Blue Economy,Submarine Cable Installation: Tools for Power\ Telecom\ and Seismic Cables,Video,Submarine cable installations in the telecom\ power and seismic industries have similarities and differences. But there is a common thread in every submarine cable lay: you need accurate real-time control over the position and bottom tension of your cable as it lands on the seabed. This video discusses a proven method for achieving this control being used by over 75% of the telecom cable ships in the world. ,https://www.youtube.com/watch?v=Gg1aFmsKQgk
Blue Economy,Submarine Cable Map,Website,Interactive map of all submarine cables around the globe,https://www.submarinecablemap.com/
Blue Economy,The Aquaculture Opportunity,Website,Can the aquaculture sector grow to provide seafood and jobs in harmony with the ocean?,https://www.nature.org/en-us/what-we-do/our-insights/perspectives/the-aquaculture-opportunity/
Blue Economy,The Blue Economy and Small States,Briefing,This Commonwealth Blue Economy Series presents a synthesis of information and practical advice to Commonwealth governments relating to the potential deployment of a range of policy options for different sectors and opportunities for the road ahead. In so doing\ this series aims to support the development of the blue economy in Commonwealth countries by providing a high-level assessment of the opportunities available for economic diversification and sustainable growth.,https://thecommonwealth.org/sites/default/files/inline/Blue%2Beconomy%2Band%2BSmall%2BStates_UPDF.pdf
Blue Economy,The Blue Economy: From Concept to Reality in the Caribbean Region,Report,This paper provides an overview of the opportunities presented by the blue economy\ providing the basis for discussion of some practical measures that Caribbean countries and the region as a whole can take to realise those opportunities; and offering some suggestions for DWG engagement in promoting these national and regional efforts to build an effective and sustainable Caribbean blue economy,https://blueresources.co.uk/wp-content/uploads/Caribbean_Blue_Economy.pdf
Blue Economy,The Caribbean Blue Economy,Video,What is the Blue Economy? Its benefits\ it's impacts and the relation to OECS Caribbean Region in transitioning to a Blue Economy.,https://www.youtube.com/watch?v=n3K1kF2t-xc 
Blue Economy,The case for fish farming,Video,We're headed towards a global food crisis: Nearly 3 billion people depend on the ocean for food\ and at our current rate we already take more fish from the ocean than it can naturally replace. The solution is aquaculture\ or fish farming.,https://www.ted.com/talks/mike_velings_the_case_for_fish_farming?utm_campaign=tedspread&utm_medium=referral&utm_source=tedcomshare
Blue Economy,The Potential of the Blue Economy : Increasing Long-term Benefits of the Sustainable Use of Marine Resources for Small Island Developing States and Coastal Least Developed Countries,Report,This report was drafted by the United Nations\ the World Bank\ and other stakeholders to suggest a common understanding of the blue economy; to highlight the importance of such an approach\ particularly for small island developing states and coastal least developed countries; to identify some of the key challenges its adoption poses; and to suggest some broad next steps that are called for in order to ensure its implementation. ,https://openknowledge.worldbank.org/handle/10986/26843
Blue Economy,The State of World Fisheries and Aquaculture 2018,report,The State of World Fisheries and Aquaculture aims to provide objective\ reliable and up-to-date information to a wide audience\ including policy-makers\ managers\ scientists\ stakeholders and indeed all those interested in the fisheries and aquaculture sector. The 2018 edition of The State of World Fisheries and Aquaculture emphasizes the sector’s role in achieving the 2030 Agenda for Sustainable Development and the Sustainable Development Goals\ and measurement of progress towards these goals. ,http://www.fao.org/documents/card/en/c/I9540EN
Blue Economy,The Sustainable Blue Economy,Video,The Ocean is the blue heart of our planet … How can we foster Blue Growth in a smart\ sustainable and inclusive way?,https://www.youtube.com/watch?v=Oovu6oeFlw8
Blue Economy,Tidal energy,Briefing,Tidal energy is a renewable energy powered by the natural rise and fall of ocean tides and currents. Some of these technologies include turbines and paddles.,https://www.nationalgeographic.org/encyclopedia/tidal-energy/
Blue Economy,Tidal power 101,Video,Tidal power converts the energy from the natural rise and fall of the tides into electricity.,https://www.youtube.com/watch?v=VkTRcTyDSyk
Blue Economy,Transitioning Toward a Blue Economy in Grenada and Other Eastern Caribbean States,News,The blue economy\  has provided a means of addressing the Eastern Caribbean region’s poverty and unemployment challenges through sustainable financing mechanisms and enhanced capacity for effective management and protection of the environmental base needed for future economic growth.,https://www.worldbank.org/en/results/2018/05/08/transitioning-toward-a-blue-economy-in-grenada-and-other-eastern-caribbean-states
Blue Economy,Wave energy\ harnessing the oceans power,Video,Harnessing energy from the waves of the world's oceans seems like the ultimate in renewable fuel.  Yet research lags 15-20 years behind studies of solar and wind power. ,https://www.youtube.com/watch?v=1LJpBnxzG30
Blue Economy,What is aquaculture?,video,What is aquaculture? Here's an overview in under two minutes.,https://oceanservice.noaa.gov/facts/aquaculture.html
Blue Economy,What is marine biotechnology,Website,Marine biotechnology\ sometimes referred to as “blue biotechnology”\ exploits the diversity found in marine environments in terms of the form\ structure\ physiology and chemistry of marine organisms\ many of which have no  equivalenton land\ in ways which enable new materials to be realised.,https://www.marine.ie/Home/site-area/research-funding/marine-biotechnology/what-marine-biotechnology
Blue Economy,Why can't we get power from waves?,Video,Wave power hasn’t yet made a splash because it’s hard to use waves to spin turbines\ and because the sea is a harsh place to build things.,https://www.youtube.com/watch?v=PMRiKmgxrh0
Blue Economy,Why The Blue Economy Matters,Video,What's the state of the ocean? How big is the #BlueEconomy? What can be done to fix the #oceans #plastic issue? Some of our experts have discussed it at the Impact Roundtable on #MarineConservation.,https://www.youtube.com/watch?v=QVf-e6P4ml0
Blue Economy,World Ocean Summit 2017 Financing the Ocean Economy,Video,The fourth World Ocean Summit was held in Bali\ Indonesia\ on February 22nd-24th 2017 and brought a critical eye to the vital issue of how to finance a sustainable ocean economy.,https://www.youtube.com/watch?v=FHWm4kbZI0w
Blue Economy,World’s Largest Open-Ocean Fish Farm,Video,Located off the coast of Panama\ the world’s largest open-ocean fish farm raises hundreds of thousands of cobia fish in colossal underwater pods.,https://video.nationalgeographic.com/video/00000145-a905-dd2e-a74d-f987da220000
Marine Conservation,Ascension\ an ocean of life,Video,A look under the waters off Ascension Island,https://vimeo.com/317146639
Marine Conservation,Callum Roberts Explains The Importance Of Marine Protected Areas,Video,Back in the 1880s\ UK Fishermen caught 17 times more fish than they do today. We have depleted our coastal seas’ fish populations\ but how can we change this? The University of York’s Professor Callum Roberts explains why marine recovery around our coastlines is possible and how marine protected areas could see our seas leaping with life once again.,https://www.youtube.com/watch?v=vHwe-wIsDs4
Marine Conservation,CaMPAM ,Website,CaMPAM is an an inclusive network to exchange ideas and lessons learned regarding the delivery of the Caribbean Challenge. a large-scale initiative advocated by a number of governments and regional and international organizations which aims to protect 20% of the marine and coastal habitats of Caribbean countries associated with the initiative by 2020,http://campam.gcfi.org/
Marine Conservation,Caribbean Challenge Initiative,Website,The Caribbean Challenge Initiative (CCI) is a coalition of governments \ companies and partners working together to accelerate action on the marine and coastal environment,https://www.caribbeanchallengeinitiative.org/
Marine Conservation,Caribbean Ocean Conservation,News,An overview of the work undertaken by the Pew Foundation to support sustainable fishing\ ocean habitat conservation\ and other measures that protect vital marine resources in the U.S. Caribbean.,https://www.pewtrusts.org/en/projects/archived-projects/caribbean-ocean-conservation
Marine Conservation,Climate resilient Eastern Caribbean Marine Managed Areas Network,,The Eastern Caribbean Marine Managed Areas (ECMMAN) project ran from 2013 – 2017 and invested over EC$14.7 million\ to improve fisheries and conserve and restore marine resources\ while providing for sustainable job opportunities in coastal communities. ,https://www.conservationgateway.org/ConservationByGeography/NorthAmerica/Caribbean/science/management/Pages/ecmman.aspx
Marine Conservation,Create a Marine Protected Area,Teaching resource,Students brainstorm and analyze competing ocean resources and uses. They experiment with designating a marine protected area along an imaginary coastline and discuss the challenges of deciding on rules and restrictions within it.,https://www.nationalgeographic.org/activity/create-a-marine-protected-area/
Marine Conservation,Dominica Coral Reef Report Card,Report,The Eastern Caribbean Coral Reef Report Cards are a series of individual reports for the 6 participating countries and provide an easy-to-understand summary of the state of the region’s marine resources. ,https://www.nature.org/media/coral-reef-report-cards/DMA_Report_Card_2016_WebLowRes.pdf
Marine Conservation,Dominica’s Sea Turtle Conservation Organization,Website,Dominica’s Sea Turtle Conservation Organization Inc. (DomSeTCO) was founded in 2007 to coordinate a national sea turtle research\ conservation and ecotourism effort in the Commonwealth of Dominica.,www.domsetco.org
Marine Conservation,Glimpses of a pristine ocean,Video,Enric Sala shares glorious images -- and surprising insights and data -- from some of the most pristine areas of the ocean. He shows how we can restore more of our oceans to this healthy\ balanced state\ and the powerful ecological and economic benefits of doing so,https://www.ted.com/talks/enric_sala
Marine Conservation,In Belize\ local stewardship key to marine conservation,News,Local communities in Belize are at the forefront of marine resources management and their engagement in conservation and shared governance is crucial to ensuring sustainable use of ocean resources,https://www.caribbeanclimate.bz/in-belize-local-stewardship-key-to-marine-conservation/
Marine Conservation,Interview with a Caribbean marine conservation champion,News,Dr Georgina Bustamante\ Coordinator of the Caribbean Marine Protected Areas Management Network and Forum (CaMPAM)\ shares some thoughts on the collaboration with the BIOPAMA programme and the potential of further engagement for biodiversity conservation in the Caribbean region,https://www.iucn.org/content/interview-caribbean-marine-conservation-champion
Marine Conservation,IUCN Global Standard for MPAs,Video,The IUCN Global Standard for Marine Protected Areas (MPAs) is a synthesis of the existing IUCN Green List Standard for Protected and Conserved Areas,https://www.youtube.com/watch?v=g2cAVcgHjic
Marine Conservation,Kelp forests,Video,Off the coast of southern California\ Catalina Island is known as one the greatest places in the world to see Kelp Forests.  Jonathan travels to Catalina Island to explore these fantastic undersea forests of plants and meets the animals that live there\ including a Torpedo ray that attacks his camera! ,https://youtu.be/cKQeIXSLcYU
Marine Conservation,Lyme Bay Case Study,Video,Restricting the amount of inshore potting for crab and lobster within marine protected areas (MPAs) can generate a “win-win” for both fishermen and the marine environment\ according to the first major study exploring the issue.,https://vimeo.com/348366786
Marine Conservation,Mangrove mystery,Video,"Plum's latest mission? Find a ""sea cow!""   thanks to UBT - underwater bubble technology - Gabi\ Oliver and Brad are able to travel deep inside a mangrove swamp ... where they discover all kinds of interesting creatures!",https://youtu.be/1vLHi3NHEHg
Marine Conservation,Marine Protected Areas in Saint Lucia,Report,"a list of marine reserves\ comprising coral and artificial reef areas\ beaches and mangroves as last declared in 2000 under the Fisheries Act No. 10 of 1984. ",http://www.govt.lc/media.govt.lc/www/resources/publications/MarineProtectedAreas.pdf
Marine Conservation,Marine Protected Areas in the Eastern Caribbean\ a tourism market study,Report,This report summarizes the results of the tourism market survey of marine protected areas (MPAs) conducted in the Eastern Caribbean and offers recommedation on how to better manage and market MPAs within the Easten Caribbean for tourism. ,http://caribbean.cepal.org/content/marine-protected-areas-eastern-caribbean
Marine Conservation,Mission Blue,Website,Mission Blue inspires action to explore and protect the ocean. Led by legendary oceanographer Dr. Sylvia Earle\ Mission Blue is uniting a global coalition to inspire an upwelling of public awareness\ access and support for a worldwide network of marine protected areas – Hope Spots.,https://mission-blue.org/
Marine Conservation,MPA Atlas,Website,MPAtlas.org\ a project of the Marine Conservation Institute\ was launched in 2012 as a way to provide a more nuanced picture of global marine protection. Our goal is to clarify and visualize the level of protection and implementation of the world's MPAs,http://www.mpatlas.org/
Marine Conservation,Patagonia projects - Whale conservation,Video,This video shows efforts to further whale conservation in the remote windswept archipelagos of Patagonia,https://vimeo.com/350955347
Marine Conservation,Pristine seas,News,National Geographic Explorer-in-Residence Enric Sala launched the Pristine Seas project in 2008 to explore and help protect the last wild places in the ocean,https://www.nationalgeographic.org/projects/pristine-seas/
Marine Conservation,Protected Areas in the wider Caribbean region,Website,An overview of protected areas in the wider Caribbean region,https://www.unenvironment.org/cep/protected-areas-wider-caribbean-region
Marine Conservation,Protecting Grenada's Marine Life,Video,From their earliest memories\ Cecil McQueen and Coddington Jeffery have always loved the water. One a fisherman\ the other a scuba diver\ they both have spent their childhood and adult lives on the Eastern Caribbean island of Grenada. McQueen and Jeffery are the first two wardens of the Molinière-Beauséjour Marine Protected Area (MPA) along the southern coast of Grenada.,https://www.youtube.com/watch?v=W4ifMuQEUrw
Marine Conservation,Saint Lucia National Conservation Fund,Website,Incorporated in 2016\ the Saint Lucia National Conservation Fund (SLUNCF) is dedicated to the conservation\ restoration\ and effective management of Saint Lucia’s biodiversity and natural resources.,http://sluncf.org/
Marine Conservation,Sandy Island/Oyster Bed Marine Protected Area Moorings Restoration Project,Video,We visited the Sandy Island/Oyster Bed Marine Protected Area to document the installation of new moorings funded by a grant from UKAID & implemented by CARIBSAVE and the Caribbean Community Climate Change Centre (5Cs)\ as part of the Caribbean Fish Sanctuary Partnership Initiative (C-FISH) Initiative.,https://www.youtube.com/watch?v=87Bf3e3C9CA
Marine Conservation,Sharks,Infographic,Fearsome or Fascinating? Are sharks really the man eating monsters we make them out be\ or are they simply misunderstood?,https://www.aquarium.co.za/uploads/files/toa_sharks_infographic.pdf
Marine Conservation,Soufriere Marine Management Areas,Website,The Soufriere Marine Management Association Inc. is a self-sustained not-for-profit NGO authorized by the Government of St. Lucia to manage both Soufriere Marine Management Area (SMMA) and the Canaries & Anse La Raye Marine Management Area (CAMMA).,http://www.smma.org.lc/
Marine Conservation,St Vincent and the Grenadines Environment Fund,Website,The St. Vincent and the Grenadines Environment Fund is a non-profit company registered in St. Vincent and the Grenadines to support sustainable initiatives to promote the preservation of the beauty and natural value of the islands.,https://www.svgef.org/areas-of-interest/marine-conservation/
Marine Conservation,St. Kitts Sea Turtle Monitoring Network,Website,The St. Kitts Sea Turtle Monitoring Network (SKSTMN) is a community based nonprofit organization founded in January 2003 which monitors nesting sea turtle populations & acts as an advocate for the strengthening of sea turtle protection laws. ,https://www.stkittsturtles.org/
Marine Conservation,The brilliance of bioluminescence,Video,Some lucky animals are naturally endowed with bioluminescence\ or the ability to create light. The firefly\ the anglerfish\ and a few more surprising creatures use this ability in many ways\ including survival\ hunting\ and mating. Leslie Kenna investigates this magical glow - and our quest to replicate it.,https://youtu.be/oKjFVBVGad0
Marine Conservation,The importance of kelp,Video,Eminent marine biologist Jane Watson eloquently explains just why kelp is so important to so many species.,https://youtu.be/Kggayh4eqiA
Marine Conservation,The intertidal ,Video,One of the most difficult habitats for any organism to inhabit is the intertidal. Wave energy\ temperature fluctuations\ and salinity changes make living here impossible for all but a few of the hardiest plants and animals. We sneak into this mostly unexplored habitat during the short window of time when the tide is out and the tidepools are accessible.,https://youtu.be/DR1gP5S6Bsk
Marine Conservation,The kelp forest ecosystem,Video,Otters\ Kelp and How We're All Connected: What happens when we save one species over another?,https://youtu.be/yalEBoVMNk8
Marine Conservation,The Narrows\ St Kitts and Nevis,Website,the Narrows is the name of the strait that separates the Caribbean Islands of St. Kitts and Nevis. This will be the first protected area within the Marine Managed Area. ,https://dmrskn.com/the-narrows/
Marine Conservation,The remarkable biodiversity of UK Overseas Territories,Video,This video shows the remarkable range of biodiversity across the UK overseas territories,https://vimeo.com/182832512
Marine Conservation,Turneffe Atoll\ Belize's Jewel in the Crown,Video,In 2012 Turneffe Atoll was declared a Marine Reserve thanks to an important commitment from the Bertarelli Foundation\ protecting a wealth of marine life and helping to secure the future of local small-scale fisheries.,https://vimeo.com/85734242
Marine Conservation,What are Marine Protected Areas?,Video,What are Marine Protected Areas\ and what do they actually do? Learn more in our latest video. ,https://www.youtube.com/watch?v=2gB3zoFxCDs
Marine Conservation,What is a marine protected area?,Briefing,Learn more about how marine protected areas conserve\ manage\ and protect.,https://oceanservice.noaa.gov/facts/mpa.html
Ocean Exploration,A day in the life of an Ocean Exploration ROV pilot,news,A Peek into the Life of a Global Foundation for Ocean Exploration ROV Pilot,https://oceanexplorer.noaa.gov/okeanos/explorations/ex1706/logs/july15/welcome.html
Ocean Exploration,"Atlantic Ocean Research Alliance\ The Last Great Exploration Campaign on Earth",News,"The challenge of keeping our ocean healthy is too great for any one nation to tackle alone. Together\ we are building an Atlantic community of researchers\ policymakers\ businesses and citizens. This Atlantic Community extends across and along the Atlantic Ocean. AORA facilitates common research and knowledge exchange for us to provide healthy\ resilient oceans for our future generations.",https://www.atlanticresource.org/aora
Ocean Exploration,Caribbean Marine Atlas,Website,"The Caribbean Marine Atlas (CMA) is an online digital platform that stores and provides access to geospatial information (and related documents) on the ""Marine Environment and Human Societies in the Wider Caribbean Region"".",https://www.caribbeanmarineatlas.net/
Ocean Exploration,Everything you need to know about drifter buoys,News,The Volvo Ocean Race teams aren't just racing around the planet – they're making a key contribution to ocean science,https://archive.theoceanrace.com/en/news/10359_Everything-you-need-to-know-about-drifter-buoys.html
Ocean Exploration,Exploring the oceans,Video,Ocean explorer Robert Ballard takes us on a mindbending trip to hidden worlds underwater\ where he and other researchers are finding unexpected life\ resources\ and even new mountains. He makes a case for serious exploration and mapping.,https://ed.ted.com/lessons/on-exploring-the-oceans-robert-ballard
Ocean Exploration,Finding Fish Hotspots and Mapping Coral Reefs,,Expedition Marks Twelve Years of Discovery in the Caribbean,https://oceanservice.noaa.gov/caribbean-mapping/
Ocean Exploration,General Bathymetric Chart of the Oceans,Website,GEBCO aims to provide the most authoritative\ publicly available bathymetry data sets for the world’s oceans,https://www.gebco.net/
Ocean Exploration,General Bathymetric Chart of the Oceans,Video,Two-thirds of the Earth are covered by water. As of today\ most of the oceans have not been explored. GEBCO aims to provide the most authoritative\ publicly available bathymetry data sets for the world’s oceans,https://www.youtube.com/watch?v=A-zIiM6uAzE
Ocean Exploration,How a Fleet of Wind-Powered Ocean Drones Is Changing Our Understanding of the Oceans,Video,Our oceans are unexplored and undersampled -- today\ we still know more about other planets than our own. How can we get to a better understanding of this vast\ important ecosystem? Explorer Sebastien de Halleux shares how a new fleet of wind- and solar-powered drones is collecting data at sea in unprecedented detail\ revealing insights into things like global weather and the health of our fish stocks,https://youtu.be/mqX2BmiEDnQ
Ocean Exploration,How close are we to completely mapping the ocean?,Video,We’ve mapped other planets to more detail than we have our own oceans. How close are we to a complete ocean map?,https://www.youtube.com/watch?v=KoOxTV3QIrM
Ocean Exploration,How underwater drones are changing our understanding of the oceans,Video,"Research oceanographer Jules Jaffe is building underwater drones that are changing our understanding of the oceans. From MAE's\ drones and swarms; find out how this technology and the ""maker generation"" are revolutionising the future of underwater exploration.",https://www.youtube.com/watch?v=yRU8mBRIGaA
Ocean Exploration,Integrated Ocean Observing System,Website,IOOS is our eyes on the ocean\ coasts\ and Great Lakes. We are an integrated network of people and technology gathering observing data and developing tracking and predictive tools to benefit the economy\ the environment\ and public safety at home\ across the nation\ and around the globe.,https://ioos.noaa.gov/
Ocean Exploration,Jason 3 - studying the oceans from space,Video,To provide scientists with essential information about global and regional changes in the seas\ NASA will launch the Jason-3 satellite from Vandenberg Air Force Base in California.,https://www.youtube.com/watch?v=wA4XRpZ9gms
Ocean Exploration,Monitoring the marine environment from the space,Video,Satellite technology supports the observation and analysis of marine bio-geo-chemical processes at global and regional scale.,https://www.youtube.com/watch?v=L44K21cqfFU
Ocean Exploration,Monitoring the oceans from space,Learning resource,It is important to know what our oceans are doing and the role they play in the Earth system as a whole. The analysis of remote-sensing data makes it possible to understand the oceans in new and exciting ways. This course will provide you with an overview of the different types of data\ imagery and their applications and will introduce you to the fundamental techniques and methodologies of working with this data.,http://www.oceansfromspace.org/
Ocean Exploration,NASA | The Ocean: A Driving Force for Weather and Climate,Video,This animation uses Earth science data from a variety of sensors on NASA Earth observing satellites to measure physical oceanography parameters such as ocean currents\ ocean winds\ sea surface height and sea surface temperature. These measurements\ in combination with atmospheric measurements such as surface air temperature\ precipitation and clouds can help scientists understand the ocean's impact on weather and climate and what this means for life here on Earth. NASA satellites and their unique view from space are helping to unveil the vast... and largely unexplored.... OCEAN.,https://www.youtube.com/watch?v=6vgvTeuoDWY
Ocean Exploration,NASA Perpetual Ocean,Video,This visualization shows ocean surface currents around the world during the period from June 2005 through Decemeber 2007.,https://www.youtube.com/watch?v=CCmTY0PKGDs
Ocean Exploration,New Deep-Sea Robot Will Help Us Explore Oceans Throughout the Solar System,Video,,https://www.youtube.com/watch?v=lwp3pCoyYMU
Ocean Exploration,Ocean discovery Xprize,Website,,https://oceandiscovery.xprize.org/prizes/ocean-discovery
Ocean Exploration,Ocean drones for a quantified planet,Video,,https://www.youtube.com/watch?v=Z2i34WoDOto
Ocean Exploration,Ocean observing system report card,Report,,http://www.jcommops.org/reportcard2018/
Ocean Exploration,Ocean robots,Website,,https://www.whoi.edu/oceanrobots/
Ocean Exploration,Ocean robots,Video,,https://www.youtube.com/watch?v=d2gXWQIBH1I
Ocean Exploration,Ocean technology,Briefing,,https://oceanexplorer.noaa.gov/technology/technology.html
Ocean Exploration,oceans and space,Video,,https://www.youtube.com/watch?v=-WXM9ulaBng
Ocean Exploration,Remotely Operated Vehicle Exploration,Video,,https://oceanservice.noaa.gov/caribbean-mapping/rov-video.html
Ocean Exploration,See a New Robot That Captures Sea Creatures—Gently,Video,,https://www.youtube.com/watch?v=wDjX26jFzH4
Ocean Exploration,What is an ROV,Briefing,,https://oceanexplorer.noaa.gov/facts/rov.html
Ocean Exploration,Why study the oceans from space?,Teaching resource,,https://www.nasa.gov/audience/forstudents/5-8/features/F_Oceans_5-8.html
Ocean Exploration,Why We Know More About the Moon Than the Depths of the Ocean,Video,,https://www.youtube.com/watch?v=L3hrtaL9B1k
Ocean Exploration,Wiring an interactive ocean,Video,,https://www.ted.com/talks/john_delaney_wiring_an_interactive_ocean
Ocean Exploration,Your future tech may rely on deep-sea mining,Video,,https://www.youtube.com/watch?v=_vgRQAtPSMU
Ocean Governance,Agreement establishing the Caribbean Community Common Fisheries Policy,Report,Agreement establishing the Caribbean Community Common Fisheries Policy,http://www.crfm.int/~uwohxjxf/images/Agreement_Establishing_the_CCCFP.pdf
Ocean Governance,Belize ICZM Plan,Report,Belize is home to the planet's second longest unbroken reef system and its coastal zone contains a rich diversity of habitats and attractions\ including three atolls\ several coastal lagoons\ mangrove forests\ and over 300 cayes. The goal of the ICZM Plan is to recommend actions that will ensure sustainable coastal resources use by balancing conservation ideals with the economic and social needs of the country. ,https://www.coastalzonebelize.org/wp-content/uploads/2015/08/BELIZE-Integrated-Coastal-Zone-Management-Plan.pdf
Ocean Governance,Capture Fisheries,Briefing,This third volume in the Commonwealth Blue Economy series explores the potential for the further development of capture fisheries as a key contributing sector to the blue economy for SIDS.,https://thecommonwealth.org/sites/default/files/inline/Capture%2BFisheries_UPDF.pdf
Ocean Governance,Caribbean Community Common Fisheries Policy ,Policy document,"The Caribbean Community Common Fisheries Policy (CCCFP) is a binding treaty focusing on cooperation and collaboration of Caribbean people\ fishermen and governments in conserving\ managing and sustainably utilising fisheries and related ecosystems. ",http://www.crfm.net/index.php?option=com_k2&view=item&task=download&id=82_d4c5ef22369d30f88c03e6e850fa078b&Itemid=350
Ocean Governance,Caribbean Fisheries Management Council,Website,Conserving\ Restoring and Managing of Fishery Resources in the US Caribbean,https://www.caribbeanfmc.com/
Ocean Governance,Communicaton of marine spatial planning,Briefing,How to communicate effectively within the complex MSP process,https://oceanliteracy.unesco.org/wp-content/uploads/2018/07/Communication-of-maritime-spatial-planning-by-Ana-Vitoria-Magalh%C3%A3es.pdf
Ocean Governance,Developments in international ocean governance,Video,IMarEST TV recording of the 8 March 2019 lecture presented by Lowri Mai Griffiths\ Maritime Policy Unit at the UK's Foreign and Commonwealth Office\ to the Ocean Governance Special Interest Group held at IMarEST HQ.,https://www.youtube.com/watch?v=yH6idKgN3-Q
Ocean Governance,European MSP Platform,Website,The European MSP Platform is an information and communication gateway designed to offer support to all EU Member States in their efforts to implement Maritime Spatial Planning (MSP) in the years to come.,https://www.msp-platform.eu
Ocean Governance,Evaluating Marine Spatial Planning,Report,how do you know if these planning processes are working? Considerable resources are being allocated to marine planning\ implementation\ and enforcement throughout the world\ but will the results of these plans be effective\ will the benefits of these new marine management programs be worth the costs? Who will bear the costs of the plans? Who will benefit? How will you know what works and what doesn’t?,http://msp.ioc-unesco.org/msp-guides/evaluating-marine-spatial-plans/
Ocean Governance,Fisheries Economics and Policy: Intro to Fisheries Management,Video,This series is for individuals who want to learn - or review - the basic economics of conservation.  This video introduces the concept of how a population of fish can be managed sustainably.,https://www.youtube.com/watch?v=Z4AXnZOsrK8
Ocean Governance,Global fisheries statistics,Report,The FAO Fisheries and Aquaculture Department provides advice and objective information to Members to help promote responsible aquaculture and fisheries. To fulfil this role\ the Department compiles\ analyses and disseminates fishery and aquaculture data\ structured within data collections.,http://www.fao.org/fishery/statistics/en
Ocean Governance,Implementing and Monitoring the Sustainable Development Goals in the Caribbean: The Role of the Ocean,REport,Identifying and Articulating Knowledge Needs for the Implementation and Monitoring of the Sustainable Development Goals in Caribbean Small Island States and Matching Those Needs to Knowledge\ Tools\ and Data.,http://www.gstss.org/2018_Ocean_SDGs/index.php
Ocean Governance,International ocean governance,News,IUCN's work on ocean governance covers many of the issues relating to the sustainable use and management of coastal\ transboundary and international waters from large marine ecosystems to the high seas.,https://www.iucn.org/theme/marine-and-polar/our-work/international-ocean-governance
Ocean Governance,International ocean governance: an agenda for the future of our oceans,Website,The 50 actions for safe\ secure\ clean and sustainably managed oceans in Europe and around the world are all successfully being implemented\ while on a number of them the work will continue. ,https://ec.europa.eu/maritimeaffairs/policy/ocean-governance_en
Ocean Governance,Law of the Sea,Website,Lecture series from the UN Office of Legal Affairs on the law of the sea,http://legal.un.org/avl/ls/lawofthesea.html
Ocean Governance,Marine Spatial Planning,Website,Marine spatial planning is about engaging with people to plan for the future. New approaches to address conflicting uses\ identify values\ and achieve national conservation goals are emerging based on practical experience\ research\ local knowledge and innovation\ and urgency for change.,https://marineplanning.org/
Ocean Governance,Marine Spatial Planning in a nutshell,Video,“Marine Spatial Planning – in a nutshell” is a five-minute film that explains MSP simply and dynamically. It is suitable for everyone: from local communities to planners and policy-makers.,https://www.youtube.com/watch?v=HZu4QSRis7U
Ocean Governance,Marine Spatial Planning\ a step by step approach,Report,This  UNESCO  publication  on  MSP  provides a step-by-step approach to MSP from establishing authority\ through planning to implementa-tion\ monitoring and evaluation.  ,https://unesdoc.unesco.org/ark:/48223/pf0000186559
Ocean Governance,Maritime Spatial Planning,Website,What is MSP in the EU\ what benefits does it bring\ and how does the EU support MSP?,https://ec.europa.eu/maritimeaffairs/policy/maritime_spatial_planning_en
Ocean Governance,MSP around the globe,Briefing,Over the past 15 years\ marine spatial planning (MSP) has gained considerable importance all around the world. This website provides a summary of global MSP initiatives,http://msp.ioc-unesco.org/world-applications/overview/
Ocean Governance,MSP challenge,Website,,http://www.mspchallenge.info/
Ocean Governance,MSP facts,Briefing,,http://msp.ioc-unesco.org/about/msp-facts/
Ocean Governance,MSP good practice,Report,,http://msp.ioc-unesco.org/msp-good-practices/msp-good-practices-overview/
Ocean Governance,MSP Research Network,Website,,https://www.msprn.net/home
Ocean Governance,MSPGlobal,Website,,http://www.mspglobal2030.org/
Ocean Governance,Ocean governance and institutional challenges,Briefing,,http://www.unesco.org/new/en/natural-sciences/ioc-oceans/focus-areas/rio-20-ocean/ocean-governance/
Ocean Governance,Ocean Governance for Sustainability – Challenges\ Options and the Role of Science,Website,,https://www.oceangov.eu/
Ocean Governance,OECS Ocean Governance marine environment pt 1,Video,,https://www.youtube.com/watch?v=nNJrAcHbi8Q
Ocean Governance,OECS Ocean Governance marine environment pt 2,Video,,https://www.youtube.com/watch?v=nmxq18Oj6K0
Ocean Governance,Play the fish game,Teaching resource,,https://cloudinstitute.org/fish-game
Ocean Governance,Regional Fisheries Management Organisations,Report,,https://www.cbd.int/doc/meetings/mar/soiom-2016-01/other/soiom-2016-01-fao-19-en.pdf
Ocean Governance,Review of current fisheries management performance and conservation measures in the Caribbean,Report,,http://www.fao.org/3/a-i4255e.pdf
Ocean Governance,Saint Lucia’s Sectoral Adaptation Strategy and Action Plan for the Fisheries Sector,,,https://www4.unfccc.int/sites/NAPC/Documents/Parties/SLU-Fisheries-SASAP-May-2018.pdf
Ocean Governance,Seychelles MSP Initiative,News,,https://seymsp.com/the-initiative/
Ocean Governance,St Kitts and Nevis Department of Marine Resources,Website,,https://dmrskn.com/
Ocean Governance,Sustainable Fisheries in the Caribbean,Briefing,,https://www.fisheries.noaa.gov/southeast/sustainable-fisheries/sustainable-fisheries-caribbean
Ocean Governance,This is a sustainable fish,Video,,https://youtu.be/6ps0truARKs
Ocean Governance,Towards Sustainable Fisheries Law,Report,,https://www.iucn.org/downloads/fisheries_management_eplp_74.pdf
Ocean Governance,Understanding ocean governance,Webinar,,https://sustainabledevelopment.un.org/content/documents/22828Pratikto_PPT.pdf
Ocean Governance,United Nations University Fisheries Training Programme - Success Stories of Fisheries Management,Video,,https://www.youtube.com/watch?v=5SRZXAGPxl4
Ocean Governance,What is ecosystem based fisheries management,Video,,https://www.youtube.com/watch?v=fq8TKUTCXNU
Ocean Governance,What is Ocean Governance?,Video,,https://www.youtube.com/watch?v=kbO4Mlvor7I
Ocean Governance,What is US Fisheries Management?,Video,,https://www.youtube.com/watch?v=zQYLVFlnAEI
Ocean Threats,Climate Change Ocean Facts,Briefing,Global ocean data and trends for informed action and decision-making on climate change,https://oursharedseas.com/2019-update/climate-change/
Ocean Threats,Climate Change Report Author Explains Why Oceans Are At Risk,Video,The Intergovernmental Panel on Climate Change has released an alarming report on how climate change is impacting the oceans\ ice caps and our way of life.,https://www.youtube.com/watch?v=yRqh45qk5A0
Ocean Threats,Climate change will shift the oceans’ colors,News,In the next century\ satellites will watch as the ocean's blues and greens intensify.,https://www.nationalgeographic.com/environment/2019/02/climate-change-alters-oceans-blues-greens/
Ocean Threats,High Level Ocean and Climate Conference Bulletin,News,"Briefing on the The High Level Scientific Conference “From COP21 towards the United Nations Decade of Ocean Science for Sustainable Development (2021-2030)” September 2018",http://enb.iisd.org/download/pdf/sd/enbplus186num14e.pdf
Ocean Threats,How does climate change affect coral reefs,Briefing,The varied effects of climate change are changing the ocean; these changes dramatically affect coral reef ecosystems.,https://oceanservice.noaa.gov/facts/coralreef-climate.html
Ocean Threats,How will climate change impact ocean health,News,The oceans provide one-quarter of the world’s dietary protein\ yet we have little understanding of how changes in ocean temperatures and chemistry will impact ocean life—from microbes to coral reefs to commercial fish stocks—and threaten food security.,https://blogs.ei.columbia.edu/2017/09/21/how-will-climate-change-impact-ocean-health/
Ocean Threats,Impacts of climate change on the ocean,News,The marine environment is already registering the impacts of climate change. The current increase in global temperature of 0.7°C since pre-industrial times is disrupting life in the oceans\ from the tropics to the poles.,https://wwf.panda.org/our_work/oceans/problems/climate_change/
Ocean Threats,Impacts of Climate Change on Tourism in the Coastal and Marine Environments of Caribbean Small Island Developing States,Report,"Climate change is already having a negative impact on the tourism sector in the Caribbean\ with temperature increases causing coral bleaching and an increase in the frequency of droughts which affects the availability of water",https://assets.publishing.service.gov.uk/government/uploads/system/uploads/attachment_data/file/605067/12._Tourism.pdf
Ocean Threats,Marine protected areas and climate change,Briefing,MPAs not only maintain vital ecosystems\ they contribute to reducing atmospheric concentrations of greenhouse gases. Maintaining these services can only be achieved by increasing the number of MPAs and their integration into broader climate action frameworks.,https://ocean-climate-alliance.org/profile/marine-protected-areas-climate-change/
Ocean Threats,Ocean Acidification and Other Ocean Climate Changes,Report,The world’s oceans have absorbed about 93% of the excess heat caused by greenhouse gas warming since the mid-20th century\ making them warmer and altering global and regional climate feedbacks.,https://science2017.globalchange.gov/chapter/13/
Ocean Threats,Ocean acidification the evil twin of climate change,Video,In this talk\ Dr. Triona McGrath explains how our oceans are changing due to increasing levels of carbon dioxide in the atmosphere and how it will impact our marine life. Triona shares her thoughts on ocean acidification and explain why it is the evil twin of climate change.,https://www.youtube.com/watch?v=8m1X26Auw6Q
Ocean Threats,Ocean species are disappearing faster than those on land,News,Climate change is being more keenly felt by the sea's cold-blooded creatures.,https://www.nationalgeographic.com/environment/2019/04/ocean-species-disappear-faster-climate-change-impacts-cold-blooded-animals-harder/
Ocean Threats,Oceans and ice are absorbing the brunt of climate change,News,The latest report from the IPCC highlights the dramatic toll warming has taken on the world's water,https://www.nationalgeographic.com/environment/2019/09/ipcc-report-climate-change-affecting-ocean-ice/
Ocean Threats,Oceans of climate change,Video,Oceanographer Josh Willis discusses the heat capacity of water\ performs an experiment to demonstrate heat capacity using a water balloon and describes how water's ability to store heat affects Earth's climate.,https://climate.nasa.gov/climate_resources/40/video-oceans-of-climate-change/
Ocean Threats,Seaweed 'forests' can help fight climate change,News,Farming seaweed\ then sinking the mature plants to the bottom of the ocean\ could be an effective way to fight warming. So why don’t we do it?,https://www.nationalgeographic.com/environment/2019/08/forests-of-seaweed-can-help-climate-change-without-fire/
Ocean Threats,The Climate Change Connection,video,Our climate is steadily getting warmer. We are starting to see the effects of climate change now. But\ there are ways to reduce climate change and lessen these harmful consequences. If we all work together\ we can make a difference to reduce climate change.,https://ocean.si.edu/conservation/climate-change/two-minutes-oceans-jim-toomey-climate-change-connection
Ocean Threats,The End of the Line\ where have all the fish gone?,Video,The End of the Line is the world’s first major feature documentary about the devastating impact overfishing has had and is having on our oceans. The film provides a dramatic expose of those in power who are taking advantage of the seas with catastrophic consequences on the world’s fish supplies,https://vimeo.com/44104959
Ocean Threats,The ocean and climate change,Briefing,At the front line of climate change\ the ocean\ the coastlines and coastal communities are being disproportionately impacted by increasing carbon dioxide (CO2) and other greenhouse gas (GHG) emissions from human activities.,https://www.iucn.org/resources/issues-briefs/ocean-and-climate-change
Ocean Threats,The ocean and cryosphere in a changin environment,Report,"This Special Report on the Ocean and Cryosphere in a Changing Climate (SROCC)  is structured in three parts: A: Observed changes and impacts\ B: Projected changes and risks\ and C: Implementing Responses to Ocean and Cryosphere Change.",https://report.ipcc.ch/srocc/pdf/SROCC_FinalDraft_FullReport.pdf
Ocean Threats,Troubled Waters\ the impacts of overfishing,Video,Troubled Waters explores what has happened to our oceans because of our appetite for seafood\ and looks what we can do personally to kick start a reformed fishing industry. ,https://www.youtube.com/watch?v=YACTNvuijQY
Ocean Threats,UK Marine Climate Change Impacts Partnership,Website,The United Kingdom Marine Climate Change Impacts Partnership (MCCIP) brings together scientists\ government\ its agencies and NGOs to provide co-ordinated advice on climate change impacts and adaptation around our coast and in our seas.,http://www.mccip.org.uk/
Ocean Threats,Will the ocean ever run out of fish,Video,When most people think of fishing\ we imagine relaxing in a boat and patiently reeling in the day’s catch. But modern industrial fishing -- the kind that stocks our grocery shelves -- looks more like warfare. Ayana Elizabeth Johnson and Jennifer Jacquet explain overfishing and its effects on ecosystems\ food security\ jobs\ economies\ and coastal cultures.,https://ed.ted.com/lessons/will-the-ocean-ever-run-out-of-fish-ayana-elizabeth-johnson-and-jennifer-jacquet
Ocean Threats,A journey to Planet Ocean,Video,Scientist and diver Pierre-Yves Cousteau shares his passion and his love: the Oceans of this world and their amazing beauty.  ,https://www.youtube.com/watch?v=qF3FJ1CEsII
Ocean Threats,Deep-sea mining: vital resource or environmental disaster?,Video,Surging demand for the metals used in electric car batteries is setting off a race to mine the deep seas. As the FT’s Henry Sanderson explains\ the sea floor could contain more nickel\ cobalt and rare earth metals than all land-based reserves combined. Miners say it may diversify supply\ but environmentalists fear mining will do irreparable damage.,https://www.youtube.com/watch?v=nSMGMpyhLCQ
Ocean Threats,Do we know enough about the deep sea to mine it?,News,Eighteen years of company-collected data on deep sea ecosystems targeted for mining will add to our scant knowledge of the abyss,https://www.nationalgeographic.com/environment/2019/07/do-we-know-enough-about-deep-sea-to-mine-it/
Ocean Threats,How we wrecked the ocean,Video,coral reef ecologist Jeremy Jackson lays out the shocking state of the ocean today: overfished\ overheated\ polluted\ with indicators that things will get much worse. Astonishing photos and stats make the case.,https://www.ted.com/talks/jeremy_jackson
Ocean Threats,Know\ Feel\ Act to Stop Marine Litter,News,the educational material “Know Feel Act! To Stop Marine Litter” has been prepared to inform\ sensitise and enable European teachers and students to take action to tackle the problem of litter in our seas and coasts.,http://www.marlisco.eu/tl_files/marlisco/mixed-images/educational_pack/Binder_total_A4_with_covers_150_dpisss.pdf
Ocean Threats,Marine litter,Video,A lot of our trash ends up in the ocean - even trash discarded far upstream. Marine litter can travel hundreds of miles via rivers and waterways to even the most remote parts of the planet. It causes billions of dollars in damage\ is a threat to sea life and even to human health. ,https://youtu.be/DtfAhy2lgAA
Ocean Threats,marine pollution,Briefing,A staggering amount of waste - much of which has only existed for the past 60 years or so - enters the oceans each year.,http://wwf.panda.org/our_work/oceans/problems/pollution/
Ocean Threats,marine pollution,Briefing,,https://thecommonwealth.org/marine-pollution
Ocean Threats,Marine pollution in the caribbean\ not a minute to waste,Report,,http://documents.worldbank.org/curated/en/482391554225185720/pdf/Marine-Pollution-in-the-Caribbean-Not-a-Minute-to-Waste.pdf
Ocean Threats,Marine Pollution Threatens the Caribbean Sea,Video,,https://www.worldbank.org/en/news/video/2019/05/30/marine-pollution-threatens-the-caribbean-sea
Ocean Threats,Marine pollution\ 1st theme of the 2017 #OurOcean conference,Video,,https://www.youtube.com/watch?v=dron6aW4UKk
Ocean Threats,Marine pollution\ explained,News,,https://www.nationalgeographic.com/environment/oceans/critical-issues-marine-pollution/
Ocean Threats,Ocean acidification,Video,,https://youtu.be/6SMWGV-DBnk
Ocean Threats,Ocean life faces ‘onslaught of threats’ from human activity\ but tools exist to save it,News,,https://news.un.org/en/story/2019/03/1033962
Ocean Threats,Ocean pollution,Briefing,,https://www.noaa.gov/education/resource-collections/ocean-coasts-education-resources/ocean-pollution
Ocean Threats,ocean pollution,Briefing,,https://www.oecd.org/ocean/topics/ocean-pollution/
Ocean Threats,Ocean threats,News,,https://www.nationalgeographic.com/environment/habitats/ocean-threats/
Ocean Threats,Oceans - Exploring the Deep,Video,,https://www.youtube.com/watch?v=4FIB9NbvuK4
Ocean Threats,Our Ocean Conference: Marine Pollution,Video,,https://www.youtube.com/watch?v=0a5MADQuxBU
Ocean Threats,Our oceans are under attack by climate change\ overfishing,News,,https://www.nationalgeographic.com/environment/habitats/ocean/
Ocean Threats,Plastic Cleanup Activity\ Anse-la-Raye Village,Video,,https://www.youtube.com/watch?v=c9vronjzIEo
Ocean Threats,Plastic debris in the oceans,Video,,https://www.youtube.com/watch?v=kQ3jP86QpHA
Ocean Threats,Plastic pollution,Infographic,,https://www.aquarium.co.za/uploads/files/plastic_pollution_infographic.png
Ocean Threats,Plastics in the marine environment,Infographic,,https://www.seachangeproject.eu/images/SEACHANGE/OurOceanOurHealth/SeaChange_Infographic_PlasticPollution_Final.jpg
Ocean Threats,Plastics sea to source,News,,https://www.nationalgeographic.org/projects/plastic/
Ocean Threats,Problems with the ocean,News,,https://wwf.panda.org/our_work/oceans/problems/
Ocean Threats,Recycling in Saint Lucia,Video,,https://youtu.be/yeq-HNFHw-k?list=UU9V3x9HelwEk3Z6EknB_1Cg
Ocean Threats,Seabed mining is coming — bringing mineral riches and fears of epic extinctions,News,,https://www.nature.com/articles/d41586-019-02242-y
Ocean Threats,Seabed Mining: A Precautionary Approach,Video,,https://www.youtube.com/watch?v=PtjZ53YiCCs
Ocean Threats,Sources and impacts or marine litter,Video,,https://www.youtube.com/watch?v=017bBeXhYz4
Ocean Threats,Take the plastics pledge,News,,https://pledge.ocean.org/
Ocean Threats,the 15 biggest threats to the world's oceans,News,,https://www.newsweek.com/world-wildlife-day-2019-oceans-pollution-global-warming-1349026
Ocean Threats,The Nurdles Quest for World Domination,Video,,https://youtu.be/KpVpJsDjWj8
Ocean Threats,The unseen threat of noise in our ocean,Video,,https://youtu.be/bo_GZ3q_Ays
Ocean Threats,Threats to oceans\ coasts and seashore,Briefing,,https://www.nps.gov/subjects/oceans/threats.htm
Ocean Threats,Threats to the Ocean: Human Impact & Solutions,Teaching resource,,https://study.com/academy/lesson/threats-to-the-ocean-human-impact-solutions.html
Ocean Threats,What Are The Biggest Threats To Our Oceans,Video,,https://www.youtube.com/watch?v=__TAgjsLCl8
Ocean Threats,Why the ocean matters,Video,,https://video.nationalgeographic.com/video/00000144-0a26-d3cb-a96c-7b2f454b0000
Our Oceans,‘The ocean and us’ - BBC Earth\ United Nations Ocean Conference,Video,Our ocean defines our planet.It sustains us… and it is home to more than half of all life on earth today,https://www.youtube.com/watch?v=2uuWN20Lc4E&feature=youtu.be
Our Oceans,A teachers guide to marine environmental education in Saint Lucia,Teaching resource,This Guide to Marine Environmental Education is aimed at providing some direction to teachers in communicating the importance of marine resources management in the classroom. ,https://slunatrust.org/assets/content/documents/MPA_Manual-03122012.pdf
Our Oceans,Ask a fisherman\ Maldives,Video,Video showing the views of fishermen in the Maldives,https://vimeo.com/229693413
Our Oceans,Blue Gym,Infographic,"Acknowledging the importance of the sea’s influence on our mental and physical health\ the Blue Gym concept refers to using the coastal environment specifically to promote health and wellbeing by increasing physical activity\ reducing stress and building stronger communities.",https://www.seachangeproject.eu/images/SEACHANGE/OurOceanOurHealth/Human_Health_Ocean_Leaflets/5.Blue-Gym.pdf
Our Oceans,BlueHealth2020,Website,BlueHealth is a pan-European research initiative investigating the links between environment\ climate and health. The programme is specifically focused on understanding how water-based environments in towns and cities can affect health and wellbeing.,https://bluehealth2020.eu/
Our Oceans,Community based fisheries management in Solomon Islands,Video,More than 80% of Solomon Islanders live in coastal communities\ where fisheries and marine resources are critical sources of food\ nutrition and income. To replenish dwindling fish stocks and ensure plentiful supplies for future generations\ communities are developing fisheries management plans to control the use of marine resources. ,https://www.youtube.com/watch?v=iYpRhKpqq3s
Our Oceans,Community-based Fisheries Management - Fishing voices from the Pacific,Video,With the support of fisheries agencies\ community-based fisheries management efforts in Fiji\ Samoa and Tonga empowers these coastal fishing communities to take control of marine resources that ensure their food security and livelihoods.  And importantly\ it protects the environment as well as preserves the social\ cultural and traditions of Pacific island people.,https://www.youtube.com/watch?v=eBUgDXsopi4
Our Oceans,Human health and the ocean,Video,This video illustrates the links between human health and the ocean by highlighting 5 ways in which the ocean affects our health and wellbeing. These links include climate regulation\ food\ pollution\ medicine and the blue gym effect. ,https://vimeo.com/156421232
Our Oceans,Island Communities cultivate ocean stewardship,News,Today\ island communities\ especially those in the Pacific Ocean\ are combining traditional knowledge with science to develop innovative strategies to protect the ocean while bolstering local livelihoods and maintaining age-old practices.,https://www.pewtrusts.org/en/research-and-analysis/fact-sheets/2018/10/island-communities-cultivate--ocean-stewardship
Our Oceans,Linking oceans\ human health and wellbeing,Website,Interactions between marine environments and human health are highly complex and can be classified both in terms of risks and benefits which need to be better understood.,http://www.jpi-oceans.eu/linking-oceans-human-health-and-wellbeing
Our Oceans,Make a sea change eating on the go,Infographic,Avoiding single use plastic reduces waste that can enter the marine environment,https://www.seachangeproject.eu/images/SEACHANGE/Infographics/SC_eating_V3.jpg
Our Oceans,Make a sea change in the bathroom,Infographic,Small changes that can be made in the bathroom to protect our marine environment,https://www.seachangeproject.eu/images/SEACHANGE/Infographics/SC_bathroom_V7.jpg
Our Oceans,Make a sea change in the kitchen,Infographic,Small changes that can be made in the kitchen to protect our marine environment,https://www.seachangeproject.eu/images/SEACHANGE/Infographics/SC_kitchen_V8.jpg
Our Oceans,Make a sea change in the office,Infographic,Small changes that can be made in the office to protect our marine environment,https://www.seachangeproject.eu/images/SEACHANGE/Infographics/SC_office_V4.jpg
Our Oceans,Make a sea change in the supermarket,Infographic,,https://www.seachangeproject.eu/images/SEACHANGE/Infographics/SC_supermarket-_V7.jpg
Our Oceans,Make a sea change on the commute,Infographic,,https://www.seachangeproject.eu/images/SEACHANGE/Infographics/SC_-commute_V5.jpg
Our Oceans,Marine pollution and human health,Infographic,,https://www.seachangeproject.eu/images/SEACHANGE/OurOceanOurHealth/Human_Health_Ocean_Leaflets/3.Pollution.pdf
Our Oceans,Marine Protected Areas in the Eastern Caribbean\ a tourism market study,Report,,http://caribbean.cepal.org/content/marine-protected-areas-eastern-caribbean
Our Oceans,National Geographic Oceans Education,Teaching resource,,https://www.nationalgeographic.org/education/programs/oceans-education/
Our Oceans,NOAA Ocean Education Resources,Teaching resource,,https://www.noaa.gov/education/resource-collections
Our Oceans,Ocean Literacy library,Teaching resource,,https://education.ocean.org/oceanlitlib/
Our Oceans,Oceans and human health,Briefing,,https://geoblueplanet.org/human-health/
Our Oceans,Sea Change\ increasing ocean literacy,Teaching resource,,https://www.seachangeproject.eu/images/SEACHANGE/Media_Centre/SeaChange_OceanLiteracyBooklet.pdf
Our Oceans,Seafood and human health,Infographic,,https://www.seachangeproject.eu/images/SEACHANGE/OurOceanOurHealth/Human_Health_Ocean_Leaflets/2.Seafood.pdf
Our Oceans,Seas\ Oceans & Public Health in Europe,Website,,https://sophie2020.eu/
Our Oceans,The ocean\ a treasure trove for human medicine,Infographic,,https://www.seachangeproject.eu/images/SEACHANGE/OurOceanOurHealth/Human_Health_Ocean_Leaflets/4.Medicine.pdf
Our Oceans,Time and tide,News,,https://www.bmj.com/content/366/bmj.l4671
Our Oceans,What does the ocean have to do with human health?,Briefing,,https://oceanservice.noaa.gov/facts/ocean-human-health.html
Our Oceans,What makes the ocean so special,Briefing,,https://www.seachangeproject.eu/images/SEACHANGE/resources/atlasengagement_en.pdf
The Coastal Zone,All drains lead to the ocean,News,In Australia\ Latin American and the Caribbean (including the United States)\ marine outfalls are used to dispose of wastewater. We are seeing that the ocean can not absorb the pollution that we put into it,https://www.earthday.org/2011/08/29/all-drains-lead-to-the-ocean/
The Coastal Zone,Belize ICZM,Report,Belize is home to the planet's second longest unbroken reef system and its coastal zone contains a rich diversity of habitats and attractions\ including three atolls\ several coastal lagoons\ mangrove forests\ and over 300 cayes. The goal of the ICZM Plan is to recommend actions that will ensure sustainable coastal resources use by balancing conservation ideals with the economic and social needs of the country. ,https://www.coastalzonebelize.org/wp-content/uploads/2015/08/BELIZE-Integrated-Coastal-Zone-Management-Plan.pdf
The Coastal Zone,Blue Tourism – The Transition Towards Sustainable Coastal and Maritime Tourism in World Marine Regions,Report,This report intends to understand and define the ecological impacts of coastal and marine tourism,http://www.ecounion.eu/wp-content/uploads/2019/06/BLUE-TOURISM-STUDY.pdf
The Coastal Zone,Coastal and Maritime Tourism,Website,Sector overview of coastal and maritime tourism in the EU,https://www.msp-platform.eu/sector-information/coastal-and-maritime-tourism
The Coastal Zone,Green Fins: Improving sustainability in the marine tourism sector,News,Originally established in Thailand in 2004\ the Green Fins approach\ a tool for supporting adoption and implementation of best practices in the diving and snorkeling tourism industry\ is now active in six countries in Asia and is currently being expanded to other regions.,https://www.iucn.org/es/node/26493
The Coastal Zone,Integrated coastal management,Website,Integrated coastal management aims for the coordinated application of the different policies affecting the coastal zone and related to activities such as nature protection\ aquaculture\ fisheries\ agriculture\ industry\ off shore wind energy\ shipping\ tourism\ development of infrastructure and mitigation and adaptation to climate change. ,https://ec.europa.eu/environment/iczm/index_en.htm
The Coastal Zone,Sandy Island/Oyster Bed Marine Protected Area Moorings Restoration Project,Video,We visited the Sandy Island/Oyster Bed Marine Protected Area to document the installation of new moorings,https://www.youtube.com/watch?v=87Bf3e3C9CA
The Coastal Zone,Sustainable marine tourism,Webinar,,https://sustainabledevelopment.un.org/content/documents/178208-%202013April_New%20York_LC.pdf
The Coastal Zone,Sustainable Marine Tourism in the Coral Triangle,Video,,https://www.youtube.com/watch?v=viRyXpXfjFw
The Coastal Zone,The 13 beach hazards,Briefing,,https://ughent.maps.arcgis.com/apps/MapSeries/index.html?appid=0760235808034f4382cd3bfb38046d7d
The Coastal Zone,The caribbean's waste water problem,News,,https://www.fluencecorp.com/the-caribbeans-wastewater-problem/
The Coastal Zone,The challenge of coastal and marine tourism,News,,http://www.thebluereporters.com/2016/06/coastal-marine-tourism-challenge/
The Coastal Zone,UN: fostering sustainable coastal and marine tourism in the Caribbean,Video,,https://www.youtube.com/watch?v=mgfSmxcNJ2E
The Coastal Zone,Wastewater in the oceans,Video,,https://www.youtube.com/watch?v=itCOY7VviRU
The Coastal Zone,What is ICZM,Video,,https://www.youtube.com/watch?v=p_sZmxsjUQA
The High Seas,Areas Beyond National Jurisdiction,Briefing,Marine Areas Beyond National Jurisdiction (ABNJ)\ commonly called the high seas\ are those areas of ocean for which no one nation has sole responsibility for management. In all\ these make up 40 percent of the surface of our planet\ comprising 64 percent of the surface of the oceans and nearly 95 percent of its volume.,https://www.thegef.org/topics/areas-beyond-national-jurisdiction
The High Seas,Common Oceans - A partnership for sustainability in the ABNJ,Report,FAO resources on areas beyond national jurisdiction,http://www.fao.org/in-action/commonoceans/documents/en/?user_extextender_option_list_1=60800
The High Seas,First ever high-seas conservation treaty would protect life in international waters,News,No flag can claim the high seas\ but many nations exploit them. Now\ nations are negotiating the first-ever high-seas conservation treaty,https://www.sciencemag.org/news/2019/04/first-ever-high-seas-conservation-treaty-would-protect-life-international-waters
The High Seas,Governing areas beyond national jurisdiction,Briefing,Nearly two-thirds of the world’s ocean is beyond national jurisdiction – where no single state has authority. This area reaches depths of over 10 km and represents 95% of the Earth’s total habitat by volume. ,https://www.iucn.org/resources/issues-briefs/governing-areas-beyond-national-jurisdiction
The High Seas,he Areas Beyond National Jurisdiction Program,Video,The Areas Beyond National Jurisdiction Program (ABNJ) -- often referred to as Common Oceans -- is a broad-scale\ innovative approach to achieve efficient and sustainable management of fisheries resources and biodiversity conservation in marine areas that do not fall under the responsibility of any one country.,https://www.youtube.com/watch?v=d7klHw0NdPk
The High Seas,High seas alliance,Website,Since its founding in 2011\ the High Seas Alliance (HSA) with its 37+ non-governmental members and the International Union for Conservation of Nature has been working towards protecting the 50% of the planet that is the high seas.,http://highseasalliance.org/
The High Seas,High seas protection,Video,marine conservation biologist Professor Callum Roberts talks about his work with scientists and NGOs to map out a network of anctuaries for the high seas which are required to save the world’s oceans\ protect wildlife and fight climate breakdown. ,https://vimeo.com/329137807
The High Seas,How to save the high seas,News,As the United Nations prepares a historic treaty to protect the oceans\ scientists highlight what’s needed for success.,https://www.nature.com/articles/d41586-018-05079-z
The High Seas,Our Oceans’ Last Chance: Protect the High Seas,Video,The open ocean\ called the high seas\ lies outside the boundaries of any country\ making up nearly two-thirds of our ocean and providing 90 percent of the habitat for all ocean life. But only about half of 1 percent of the high seas are fully protected from fishing\ mining\ and other human activity. ,https://www.youtube.com/watch?v=ydPvfIlbxsQ
The High Seas,The high seas,Video,,https://vimeo.com/338235997
The High Seas,The High Seas Need Protection Now,Video,,https://www.youtube.com/watch?v=EPeclRf0SCE
The High Seas,The High Seas: UN Has One Chance To Get This Right,Video,,https://www.youtube.com/watch?v=AN-epA-8TNo
The High Seas,WEBINAR: Data For Areas Beyond National Jurisdiction,Video,,http://www.fao.org/in-action/commonoceans/calendar/calendar-detail/en/c/1175631/
The High Seas,WEBINAR: Tools For Areas Beyond National Jurisdiction,Video,,http://www.fao.org/in-action/commonoceans/calendar/calendar-detail/en/c/1170306/
The High Seas,What are the high seas,Video,,https://www.youtube.com/watch?v=p_72ZuMf0yI&feature=youtu.be
The High Seas,What Are the High Seas? Why Do They Need Help? ,Video,,https://www.youtube.com/watch?v=p_72ZuMf0yI
The High Seas,World Commission on Protected Areas High Seas Specialist Group,Briefing,,https://www.iucn.org/commissions/world-commission-protected-areas/our-work/high-seas
Understanding Our Ocean,500 years of ocean change,Infographic,This visual\ based on scientific data\ shows how the ocean has evolved in terms of temperature\ acidity\ sea-level\ ice-cover\ plastic pollution\ shipping\ stocks of larger animals\ etc. in the past 500 years. ,https://www.seachangeproject.eu/ouroceanourhealth/ocean-literacy-resources/infographic-500-years-of-ocean-change
Understanding Our Ocean,Creatures in the deepest trenches of the sea are eating plastic,News,In six of the ocean's deepest crevasses\ scientists found tiny shrimp-like creatures chomping on tiny bits of plastic.,https://www.nationalgeographic.com/environment/2019/02/deep-sea-creatures-mariana-trench-eat-plastic/
Understanding Our Ocean,Creatures of the deep,Video,About 60 percent of the ocean is a cold\ dark region that spans down to 11\000 meters. This zone is known as the deep ocean\ and though it seems like an inhospitable and remote corner of the planet\ it is actually one of the greatest habitats on Earth. Lidia Lins explores how so many species thrive in this mysterious underwater world. ,https://youtu.be/U69LIr0OrNc
Understanding Our Ocean,Deep ocean is the last frontier,Video,The ocean covers 70% of our planet. The deep-sea floor is a realm that is largely unexplored\ but cutting-edge technology is enabling a new generation of aquanauts to go deeper than ever before.,https://youtu.be/p0G68ORc8uQ
Understanding Our Ocean,Deep ocean mysteries and wonders,Video,In the deepest\ darkest parts of the oceans are ecosystems with more diversity than a tropical rainforest. Taking us on a voyage into the ocean -- from the deepest trenches to the remains of Titanic -- marine biologist David Gallo explores the wonder and beauty of marine life.,https://www.ted.com/talks/deep_ocean_mysteries_and_wonders
Understanding Our Ocean,Deep sea ecoystems,Briefing,FAO briefing on deep sea ecosystems,http://www.fao.org/fishery/topic/166310/en
Understanding Our Ocean,Deep sea wonders of the Caribbean -  exploring the deep wilderness,Video,an introduction to deep-sea exploration in the Caribbean,https://www.youtube.com/watch?v=PA_vTKFSDfU&list=PL-ZrlrJ47zXBPvmCe1XvlSawrSc7j2r1p&index=2&t=0s
Understanding Our Ocean,Deep sea wonders of the Caribbean - an ocean of opportunity,Video,careers of the deep sea,https://www.youtube.com/watch?v=-0co7b-xoZ0&list=PL-ZrlrJ47zXBPvmCe1XvlSawrSc7j2r1p&index=6&t=0s
Understanding Our Ocean,Deep sea wonders of the Caribbean - beyond the beaches,Video,The Caribbean’s deep-sea environment and how organisms there have adapted,https://www.youtube.com/watch?v=38mp6CuBFVM&list=PL-ZrlrJ47zXBPvmCe1XvlSawrSc7j2r1p&index=3&t=0s
Understanding Our Ocean,Deep sea wonders of the Caribbean - hot sun cold seeps,Video,a unique look into Trinidad and Tobago’s deep ocean,https://www.youtube.com/watch?v=4SFG7FNZRvI&list=PL-ZrlrJ47zXBPvmCe1XvlSawrSc7j2r1p&index=4&t=0s
Understanding Our Ocean,Deep sea wonders of the Caribbean- the jenny that kicks,Video,a unique look into Grenada’s deep ocean,https://www.youtube.com/watch?v=ZH0qmI2t9SI
Understanding Our Ocean,Diving down to the deep ocean,Video,Even in the perpetual darkness of the deepest ocean\ scientists discover the discarded rubbish of modern life.,https://www.youtube.com/watch?v=4CoD-IwQlH8
Understanding Our Ocean,El Nino and La Nina explained,Video,Understanding two of the largest global ocean phenomenons and how this effects global weather,https://youtu.be/KpZsoHru9go
Understanding Our Ocean,Exploring the Mariana Trench,Video,Explore the The Deepest & Most Unexplored Place On The Planet,https://youtu.be/r17kLJxJcwM
Understanding Our Ocean,How a grain of sand rewrote our ocean's history,Video,Andrew Wheeler and his team use ROVs to collect core samples from the deep ocean\ their layers revealing Earth's geological history. Andrew tells the story a grain of sand taken from the deep ocean\ and how it has changed our understanding of how Ireland's landscape was shaped two million years ago. ,https://youtu.be/xV7IvRT5Qyw
Understanding Our Ocean,How big is the ocean,Video,While the Earth's oceans are known as five separate entities\ there is really only one ocean. So\ how big is it? As of 2013\ it takes up 71% of the Earth\ houses 99% of the biosphere\ and contains some of Earth's grandest geological features. Scott Gass reminds us of the influence humans have on the ocean and the influence it has on us,https://www.ted.com/talks/scott_gass_how_big_is_the_ocean
Understanding Our Ocean,How do ocean currents work,Video,In 1992\ a cargo ship carrying bath toys got caught in a storm. Shipping containers washed overboard\ and the waves swept 28\000 rubber ducks and other toys into the North Pacific. But they didn't stick together -- the ducks have since washed up all over the world. How did this happen? Jennifer Verduin dives into the science of ocean currents.,https://www.ted.com/talks/jennifer_verduin_how_do_ocean_currents_work
Understanding Our Ocean,How do tides work,Video,Most people are already familiar with the idea of high and low tides\ but where do they come from? What causes this movement and why does it occur with such regularity?,https://www.youtube.com/watch?v=5ohDG7RqQ9I
Understanding Our Ocean,How life begins in the deep ocean,Video,Where do squid\ jellyfish and other sea creatures begin life? The story of a sea urchin reveals a stunningly beautiful saga of fertilization\ development and growth in the ocean depths.,https://www.youtube.com/watch?v=i_R7ouD8-Eo
Understanding Our Ocean,Just how deep does the ocean go?,Video,,https://www.youtube.com/watch?v=UwVNkfCov1k
Understanding Our Ocean,Know your ocean,Briefing,,https://oceantoday.noaa.gov/knowyourocean/
Understanding Our Ocean,Knowledge gaps in understanding the ocean,Report,,http://www.grida.no/resources/8119
Understanding Our Ocean,Life in the deep ocean,Briefing,,https://oceanexplorer.noaa.gov/facts/deep-habitat.html
Understanding Our Ocean,Life in the deep oceans,Video,,https://www.ted.com/talks/david_gallo_on_life_in_the_deep_oceans?language=en
Understanding Our Ocean,MarineBio,Teaching resource,,https://marinebio.org
Understanding Our Ocean,Mountains hidden in the deep sea are biological hot spots. Will mining ruin them?,News,,https://www.sciencemag.org/news/2019/09/mountains-hidden-deep-sea-are-biological-hot-spots-will-mining-ruin-them
Understanding Our Ocean,Ocean explorer game,Teaching resource,,http://oceanexplorer.noaa.gov/forfun/creatures_flash/start.html
Understanding Our Ocean,Our Ocean Our Oxygen,Video,,https://vimeo.com/173739456
Understanding Our Ocean,The deep ocean,Briefing,,https://oceantoday.noaa.gov/deepocean/
Understanding Our Ocean,The deep ocean,Video,,https://www.youtube.com/watch?v=JqlyJhWpqKQ
Understanding Our Ocean,The deep sea,,,https://ocean.si.edu/ecosystems/deep-sea/deep-sea
Understanding Our Ocean,The perpetual ocean,Video,,https://youtu.be/WEe1bVjORN4
Understanding Our Ocean,The world's newest island,Video,,https://youtu.be/UP_TDjcsiPA
Understanding Our Ocean,Understanding oceans bottom up,Video,,https://www.youtube.com/watch?v=y9-t1O9UYhQ
Understanding Our Ocean,Understanding our ocean,Teaching resource,,https://www.seachangeproject.eu/images/SEACHANGE/Media_Centre/SeaChange_OceanLiteracyPoster.pdf
Understanding Our Ocean,Weather vs climate,Video,,https://youtu.be/YbAWny7FV3w
Understanding Our Ocean,Where did earth's water come from?,Video,,https://youtu.be/_LpgBvEPozk